nome,proteina,carbo,gordura,calorias,fonte
"Arroz, integral, cozido",2.58825,25.80975,1.0003333333333333,123.53489250000001,TACO
"Arroz, integral, cru",7.323285869565217,77.45071413043479,1.8648333333333333,359.6780020326088,TACO
"Arroz, tipo 1, cozido",2.5208166666666667,28.059849999999994,0.22699999999999998,128.25848566666664,TACO
"Arroz, tipo 1, cru",7.158539855072464,78.75954347826087,0.335,357.789273115942,TACO
"Arroz, tipo 2, cozido",2.568416666666667,28.19258333333333,0.36166666666666664,130.11964833333332,TACO
"Arroz, tipo 2, cru",7.241882971014494,78.88145036231883,0.2755,358.1167614565217,TACO
"Aveia, flocos, crua",13.921026086956523,66.63564057971016,8.496666666666666,393.82268944927546,TACO
"Biscoito, doce, maisena",8.072521739130433,75.23414492753622,11.966666666666669,442.8193901449275,TACO
"Biscoito, doce, recheado com chocolate",6.397217391304348,70.54944927536232,19.583333333333332,471.824779710145,TACO
"Biscoito, doce, recheado com morango",5.719826086956521,71.01350724637682,19.573333333333334,471.1747362318841,TACO
"Biscoito, doce, wafer, recheado de chocolate",5.564521739130435,67.53547826086955,24.673333333333332,502.4568579710144,TACO
"Biscoito, doce, wafer, recheado de morango",4.517043478260871,67.35295652173913,26.4,513.4461826086956,TACO
"Biscoito, salgado, cream cracker",10.055130434782608,68.73153623188405,14.436666666666667,431.73228115942027,TACO
"Bolo, mistura para",6.159420289855073,84.71391304347826,6.126666666666666,418.6333333333333,TACO
"Bolo, pronto, aipim",4.416666666666667,47.864,12.747666666666667,323.85166666666663,TACO
"Bolo, pronto, chocolate",6.222916666666666,54.71775,18.472333333333335,410.01366666666667,TACO
"Bolo, pronto, coco",5.666666666666666,52.276,11.296333333333331,333.4376666666667,TACO
"Bolo, pronto, milho",4.804166666666667,45.10883333333334,12.415,311.387,TACO
"Canjica, branca, crua",7.2,78.06099999999999,0.9710000000000001,357.60258999999996,TACO
"Canjica, com leite integral",2.3606000423431395,23.62773329099018,1.2443333333333335,112.45677722046528,TACO
"Cereais, milho, flocos, com sal",7.291666666666667,80.835,1.6033333333333335,369.59975000000003,TACO
"Cereais, milho, flocos, sem sal",6.875,80.44833333333334,1.1833333333333333,363.3383166666666,TACO
"Cereais, mingau, milho, infantil",6.431159420289855,87.26550724637681,1.0933333333333335,394.42752173913044,TACO
"Cereais, mistura para vitamina, trigo, cevada e aveia",8.895833333333332,81.6175,2.12,381.1333333333333,TACO
"Cereal matinal, milho",7.155797101449275,83.82420289855072,0.9566666666666667,365.354163768116,TACO
"Cereal matinal, milho, açúcar",4.742753623188407,88.84057971014492,0.6666666666666666,376.55525362318843,TACO
"Creme de arroz, pó",7.026949774742127,83.86938355859121,1.2260000000000002,386.00119033639794,TACO
"Creme de milho, pó",4.820833333333333,86.1485,1.639333333333333,333.03419267054403,TACO
"Curau, milho verde",2.3606000423431395,13.944399957656858,1.6369999999999998,78.43381831365585,TACO
"Curau, milho verde, mistura para",2.2229166666666664,79.81641666666667,13.371333333333334,402.28657743531465,TACO
"Farinha, de arroz, enriquecida",1.2693332926432292,85.50400004069012,0.3,363.0564801812235,TACO
"Farinha, de centeio, integral",12.515066502888997,73.29826683044433,1.7533333333333332,335.77766279932655,TACO
"Farinha, de milho, amarela",7.1875,79.07916666666665,1.4666666666666666,350.58693322738014,TACO
"Farinha, de rosca",11.380999619166056,75.78566666666666,1.4633333333333332,370.5780966666666,TACO
"Farinha, de trigo",9.79078260869565,75.09255072463769,1.366666666666667,360.4729785507247,TACO
"Farinha, láctea, de cereais",11.87913043478261,77.77086956521738,5.79,414.8505173913043,TACO
"Lasanha, massa fresca, cozida",5.8125,32.52216666666667,1.1583333333333332,163.76366666666667,TACO
"Lasanha, massa fresca, crua",7.008333333333333,45.05833333333334,1.3376666666666666,220.3056666666667,TACO
"Macarrão, instantâneo",8.79168,62.431653333333344,17.236666666666668,435.8647805333334,TACO
"Macarrão, trigo, cru",9.995652173913044,77.94434782608695,1.3033333333333335,371.1226130434783,TACO
"Macarrão, trigo, cru, com ovos",10.320799999999998,76.62253333333335,1.97,370.5671133333334,TACO
"Milho, amido, cru",0.5978260869565217,87.14884391304349,0.0,361.36682387826096,TACO
"Milho, fubá, cru",7.213768115942029,78.87289855072463,1.9033333333333333,353.482268115942,TACO
"Milho, verde, cru",6.589583333333334,28.555749999999996,0.609,138.166565,TACO
"Milho, verde, enlatado, drenado",3.2282608695652177,17.135072463768108,2.353333333333333,97.56489420289851,TACO
"Mingau tradicional, pó",0.5833333333333334,89.33666666666667,0.37,373.4214666666667,TACO
"Pamonha, barra para cozimento, pré-cozida",2.5520833333333335,30.68491666666667,4.849666666666667,171.2191116666667,TACO
"Pão, aveia, forma",12.35,59.56666666666666,5.693333333333334,343.0853666666667,TACO
"Pão, de soja",11.343,56.510333333333335,3.58,308.7263233333333,TACO
"Pão, glúten, forma",11.950999600092567,44.11899999999999,2.7266666666666666,252.99402999999998,TACO
"Pão, milho, forma",8.303,56.397,3.11,292.01349,TACO
"Pão, trigo, forma, integral",9.425166666666666,49.9415,3.6533333333333338,253.19361833333332,TACO
"Pão, trigo, francês",7.953565217391304,58.646434782608694,3.1033333333333335,299.8101504347826,TACO
"Pão, trigo, sovado",8.398,61.452,2.84,310.96494,TACO
"Pastel, de carne, cru",10.74069964059194,42.01663369274139,8.793,288.70207151598953,TACO
"Pastel, de carne, frito",10.104199661890666,43.76780033810934,20.136666666666667,388.37465162496756,TACO
"Pastel, de queijo, cru",9.853399670282998,45.947933663050335,9.634666666666666,308.4744338873742,TACO
"Pastel, de queijo, frito",8.709599708557128,48.1327336247762,22.670333333333332,422.11208003931927,TACO
"Pastel, massa, crua",6.9027,57.379633333333324,5.477,310.2025143333333,TACO
"Pastel, massa, frita",6.0192000000000005,49.34313333333334,40.86033333333334,569.6724593333333,TACO
"Pipoca, com óleo de soja, sem sal",9.927083333333336,70.31258333333334,15.940999999999997,448.334261847198,TACO
"Polenta, pré-cozida",2.291666666666667,23.311666666666667,0.3033333333333333,102.74116666666669,TACO
"Torrada, pão francês",10.524100000000002,74.5559,3.3009999999999997,377.422283,TACO
"Abóbora, cabotian, cozida",1.44375,10.760916666666668,0.7293333333333333,48.04374250000001,TACO
"Abóbora, cabotian, crua",1.7463768115942029,8.360289855072468,0.5366666666666667,38.59929420289856,TACO
"Abóbora, menina brasileira, crua",0.6086956521739131,3.3013043478260893,0.0,13.605673913043486,TACO
"Abóbora, moranga, crua",0.9601449275362318,2.6665217391304306,0.06,12.364436231884042,TACO
"Abóbora, moranga, refogada",0.39375,5.981916666666661,0.799,29.003822031756222,TACO
"Abóbora, pescoço, crua",0.6708333333333334,6.122833333333339,0.11599999999999999,24.466267949700352,TACO
"Abobrinha, italiana, cozida",1.125,2.977000000000007,0.19899999999999998,15.038520000000023,TACO
"Abobrinha, italiana, crua",1.141304347826087,4.292028985507236,0.14,19.279126086956484,TACO
"Abobrinha, italiana, refogada",1.06875,4.18691666666666,0.8213333333333334,24.42960218765336,TACO
"Abobrinha, paulista, crua",0.6395833333333333,7.867419999999999,0.139,30.810702228816336,TACO
"Acelga, crua",1.44375,4.630916666666657,0.106,20.942342499999942,TACO
"Agrião, cru",2.6884057971014492,2.2515942028985423,0.23666666666666666,16.578801449275325,TACO
"Aipo, cru",0.7583333333333333,4.272333333333345,0.069,19.09145664497062,TACO
"Alface, americana, crua",0.6083333333333334,1.7453333333333474,0.129,8.794903236866052,TACO
"Alface, crespa, crua",1.3478260869565217,1.6955072463768253,0.16,10.68085652173921,TACO
"Alface, lisa, crua",1.6884057971014494,2.428260869565218,0.12333333333333334,13.820901449275343,TACO
"Alface, roxa, crua",0.90625,2.4934166666666613,0.19166666666666665,12.716997363467993,TACO
"Alfavaca, crua",2.658333333333333,5.240999999999999,0.47633333333333333,29.183613081057864,TACO
"Alho, cru",7.010869565217391,23.905797101449277,0.22,113.12987826086957,TACO
"Alho-poró, cru",1.4125,6.878166666666669,0.1396666666666667,31.5079193532467,TACO
"Almeirão, cru",1.7681159420289856,3.3352173913043464,0.21666666666666667,18.034428985507237,TACO
"Almeirão, refogado",1.7041666666666666,5.701499999999994,4.847,65.08191082886853,TACO
"Batata, baroa, cozida",0.8520833333333333,18.947583333333334,0.16633333333333333,80.11976250000004,TACO
"Batata, baroa, crua",1.047101449275362,23.982898550724638,0.17,100.98492318840582,TACO
"Batata, doce, cozida",0.6416666666666667,18.422333333333338,0.08766666666666667,76.75961050343517,TACO
"Batata, doce, crua",1.257246376811594,28.19608695652174,0.13333333333333333,118.24137536231882,TACO
"Batata, frita, tipo chips, industrializada",5.583333333333332,51.22233333333333,36.615,542.7346733841896,TACO
"Batata, inglesa, cozida",1.1645833333333333,11.94375,0.0,51.588476636270656,TACO
"Batata, inglesa, crua",1.7717391304347823,14.688260869565212,0.0,64.3702260869565,TACO
"Batata, inglesa, frita",4.966666666666667,35.64033333333333,13.108666666666666,267.15742250204084,TACO
"Batata, inglesa, sauté",1.2916666666666667,14.093000000000005,0.8963333333333333,67.88793615063032,TACO
"Berinjela, cozida",0.6770833333333334,4.468249999999995,0.14833333333333332,18.845285556813074,TACO
"Berinjela, crua",1.221014492753623,4.428985507246369,0.1,19.62775362318839,TACO
"Beterraba, cozida",1.29375,7.234916666666663,0.09266666666666667,32.15432433140276,TACO
"Beterraba, crua",1.9456521739130435,11.111014492753624,0.09,48.82850869565215,TACO
"Biscoito, polvilho doce",1.2916666666666667,80.53533333333334,12.249,437.54900000000004,TACO
"Brócolis, cozido",2.1333333333333333,4.366666666666663,0.459,24.63616311136879,TACO
"Brócolis, cru",3.6449275362318847,4.025072463768115,0.26666666666666666,25.495131884057955,TACO
"Cará, cozido",1.5291666666666668,18.8525,0.11233333333333334,77.58491333333336,TACO
"Cará, cru",2.282608695652174,22.954057971014496,0.1366666666666667,95.6331347826087,TACO
"Caruru, cru",3.2,5.973999999999993,0.585,34.03162971734997,TACO
"Catalonha, crua",1.86875,4.75224999999999,0.2823333333333333,23.888412257373297,TACO
"Catalonha, refogada",1.95,4.809333333333338,4.805666666666666,63.449269148826616,TACO
"Cebola, crua",1.7101449275362322,8.853188405797098,0.08,39.420046376811584,TACO
"Cebolinha, crua",1.865942028985507,3.370724637681165,0.35,19.515885507246438,TACO
"Cenoura, cozida",0.8479166666666668,6.686749999999989,0.21833333333333335,29.86177771015958,TACO
"Cenoura, crua",1.322463768115942,7.66,0.17333333333333334,34.13538840579714,TACO
"Chicória, crua",1.1376811594202898,2.8533333333333437,0.14333333333333334,13.837120289855097,TACO
"Chuchu, cozido",0.41458333333333336,4.7934166666666655,0.0,18.53979053137702,TACO
"Chuchu, cru",0.6992753623188407,4.137391304347834,0.06,16.97891884057972,TACO
"Coentro, folhas desidratadas",20.875,47.955,10.386666666666668,309.0707468044758,TACO
"Couve, manteiga, crua",2.873188405797101,4.333478260869559,0.5466666666666667,27.05669710144928,TACO
"Couve, manteiga, refogada",1.6666666666666667,8.707666666666668,6.594,90.34481542611123,TACO
"Couve-flor, crua",1.9057971014492752,4.517536231884062,0.21333333333333335,22.56334927536229,TACO
"Couve-flor, cozida",1.2395833333333333,3.8754166666666765,0.26933333333333337,19.114140614728182,TACO
"Espinafre, Nova Zelândia, cru",1.996376811594203,2.5736231884057963,0.24333333333333332,16.095694202898525,TACO
"Espinafre, Nova Zelândia, refogado",2.71875,4.238583333333339,5.434666666666668,67.25365175066395,TACO
"Farinha, de mandioca, crua",1.5543478260869565,87.89898550724637,0.27666666666666667,360.8696985507246,TACO
"Farinha, de mandioca, torrada",1.2291666666666667,89.19416666666666,0.2866666666666667,365.268975,TACO
"Farinha, de puba",1.6166666666666667,87.28533333333334,0.46900000000000003,360.17977487993244,TACO
"Fécula, de mandioca",0.5208333333333333,81.14916666666667,0.2833333333333334,330.85055833333337,TACO
"Feijão, broto, cru",4.166666666666666,7.758333333333329,0.10266666666666667,38.723236375411325,TACO
"Inhame, cru",2.0507246376811596,23.23260869565217,0.21333333333333335,96.69983188405796,TACO
"Jiló, cru",1.4021739130434783,6.191159420289859,0.22,27.36514347826087,TACO
"Jurubeba, crua",4.4125,23.059166666666663,3.9096666666666664,125.81163499999998,TACO
"Mandioca, cozida",0.575,30.09,0.29833333333333334,125.35825000000003,TACO
"Mandioca, crua",1.1304347826086958,36.16956521739131,0.3,151.4169565217391,TACO
"Mandioca, farofa, temperada",2.0625,80.30416666666666,9.12,405.69394166666666,TACO
"Mandioca, frita",1.38125,50.251416666666664,11.195,300.0552433891495,TACO
"Manjericão, cru",1.985507246376812,3.6444927536231915,0.39333333333333337,21.14767681159422,TACO
"Maxixe, cru",1.391304347826087,2.7286956521739105,0.073,13.747236086956516,TACO
"Mostarda, folha, crua",2.110416666666667,3.2365833333333267,0.16766666666666666,18.107389052172486,TACO
"Nhoque, batata, cozido",5.8583333333333325,36.78,1.9433333333333334,180.7752739934126,TACO
"Nabo, cru",1.2028985507246377,4.147101449275376,0.05333333333333334,18.18662463768122,TACO
"Palmito, juçara, em conserva",1.7916666666666667,4.328333333333326,0.4033333333333333,23.199716434081346,TACO
"Palmito, pupunha, em conserva",2.4583333333333335,5.508999999999997,0.45,29.43196333333332,TACO
"Pão, de queijo, assado",5.120833333333334,34.2415,24.567333333333334,363.07791333333336,TACO
"Pão, de queijo, cru",3.6479999999999997,38.51200000000001,13.988666666666667,294.538,TACO
"Pepino, cru",0.8695652173913043,2.037101449275353,0.0,9.533691304347819,TACO
"Pimentão, amarelo, cru",1.2246376811594204,5.9620289855072475,0.4366666666666667,27.92745942028985,TACO
"Pimentão, verde, cru",1.0507246376811594,4.892608695652178,0.15,21.285881159420292,TACO
"Pimentão, vermelho, cru",1.039855072463768,5.466811594202911,0.1466666666666667,23.28136376811601,TACO
"Polvilho, doce",0.43,86.77333333333333,0.0,351.2267333333333,TACO
"Quiabo, cru",1.91875,6.373916666666666,0.299,29.939262150069077,TACO
"Rabanete, cru",1.391304347826087,2.7253623188405807,0.07333333333333335,13.738126086956488,TACO
"Repolho, branco, cru",0.8768115942028986,3.8598550724637692,0.14333333333333334,17.11880289855071,TACO
"Repolho, roxo, cru",1.908333333333333,7.204000000000001,0.06366666666666666,30.907502954324087,TACO
"Repolho, roxo, refogado",1.8020833333333333,7.561583333333334,1.2403333333333333,41.77352528971434,TACO
"Rúcula, crua",1.7666666666666664,2.2196666666666607,0.10733333333333334,13.133256607294062,TACO
"Salsa, crua",3.2572463768115942,5.706086956521735,0.61,33.424111594202884,TACO
"Seleta de legumes, enlatada",3.4202898550724634,12.669710144927544,0.35333333333333333,56.533772463768145,TACO
"Serralha, crua",2.6729166666666666,4.946749999999999,0.7426666666666666,30.397934166666644,TACO
"Taioba, crua",2.8958333333333335,5.430499999999991,0.9266666666666667,34.208918333333315,TACO
"Tomate, com semente, cru",1.0978260869565217,3.138840579710146,0.17333333333333334,15.335156521739158,TACO
"Tomate, extrato",2.4347826086956523,14.95861739130434,0.19,60.93343365217388,TACO
"Tomate, molho industrializado",1.375,7.711666666666678,0.9033333333333333,38.446549460490566,TACO
"Tomate, purê",1.36231884057971,6.894347826086953,0.0,27.93687971014494,TACO
"Tomate, salada",0.8104166666666668,5.117916666666662,0.0,20.546909166666637,TACO
"Vagem, crua",1.786231884057971,5.347101449275358,0.17333333333333334,24.898357971014487,TACO
"Abacate, cru",1.2391304347826086,6.0308695652173965,8.396666666666667,96.1547086956522,TACO
"Abacaxi, cru",0.8586956521739131,12.33463768115941,0.12333333333333334,48.32221304347824,TACO
"Abacaxi, polpa, congelada",0.4666666666666666,7.798666666666662,0.11333333333333333,30.591799194335923,TACO
"Abiu, cru",0.8333333333333334,14.926999999999998,0.7033333333333333,62.42409840854006,TACO
"Açaí, polpa, com xarope de guaraná e glucose",0.7208333333333334,21.45516666666667,3.6603333333333334,110.29759000000001,TACO
"Açaí, polpa, congelada",0.7979166666666667,6.2084166666666665,3.9443333333333332,58.04536887282133,TACO
"Acerola, crua",0.90625,7.966416666666672,0.20766666666666667,33.46227000000003,TACO
"Acerola, polpa, congelada",0.5916666666666668,5.541333333333331,0.0,21.936799999999977,TACO
"Ameixa, calda, enlatada",0.4083333333333334,46.89266666666667,0.0,182.84662000000003,TACO
"Ameixa, crua",0.7717391304347826,13.851594202898553,0.0,52.54248260869565,TACO
"Ameixa, em calda, enlatada, drenada",1.025,47.658,0.2803333333333333,177.35918531537055,TACO
"Atemóia, crua",0.9708333333333332,25.332166666666662,0.30033333333333334,96.97158744792144,TACO
"Banana, da terra, crua",1.4347826086956523,33.66521739130435,0.24,128.02445217391306,TACO
"Banana, doce em barra",2.16875,75.66658333333334,0.05,280.10519255063934,TACO
"Banana, figo, crua",1.13125,27.80441666666667,0.1416666666666667,105.08265000000002,TACO
"Banana, maçã, crua",1.7536231884057971,22.3363768115942,0.06,86.80533043478259,TACO
"Banana, nanica, crua",1.3985507246376814,23.848115942028986,0.11666666666666665,91.52884782608696,TACO
"Banana, ouro, crua",1.4818840579710144,29.341449275362308,0.21,112.36604782608694,TACO
"Banana, pacova, crua",1.2270833333333333,20.312583333333333,0.079,77.90952792507412,TACO
"Banana, prata, crua",1.2681159420289856,25.956884057971017,0.065,98.24970217391306,TACO
"Cacau, cru",0.9541666666666665,19.411166666666677,0.144,74.29148000000004,TACO
"Cajá-Manga, cru",1.2791666666666666,11.434166666666664,0.0,45.58096877372266,TACO
"Cajá, polpa, congelada",0.5895833333333333,6.374416666666661,0.16766666666666666,26.332269311050553,TACO
"Caju, cru",0.9710144927536233,10.288988840579705,0.33,43.065068521739114,TACO
"Caju, polpa, congelada",0.48125,9.350749999999994,0.154,36.568679999999965,TACO
"Caju, suco concentrado, envasado",0.4041666666666667,10.733833333333331,0.2,45.10862666666668,TACO
"Caqui, chocolate, cru",0.35625,19.325749999999996,0.06933333333333334,71.35001811164616,TACO
"Carambola, crua",0.8708333333333333,11.481499999999997,0.17699999999999996,45.740888793428724,TACO
"Ciriguela, crua",1.3979166666666667,18.857416666666666,0.35966666666666663,75.59411,TACO
"Cupuaçu, cru",1.1604166666666664,10.433583333333335,0.9513333333333334,49.42255877437193,TACO
"Cupuaçu, polpa, congelada",0.84375,11.386916666666668,0.5936666666666667,48.79688999999999,TACO
"Figo, cru",0.967391304347826,10.245942028985507,0.15666666666666665,41.447126086956516,TACO
"Figo, enlatado, em calda",0.5615942028985508,50.33840579710145,0.15,184.36071739130435,TACO
"Fruta-pão, crua",1.08125,17.17441666666665,0.18933333333333335,67.04561999999997,TACO
"Goiaba, branca, com casca, crua",0.8985507246376812,12.401449275362321,0.48666666666666664,51.73774782608695,TACO
"Goiaba, doce em pasta",0.5797101449275363,74.1236231884058,0.0,268.9598260869565,TACO
"Goiaba, doce, cascão",0.41458333333333336,78.70275,0.10333333333333333,285.58779243900375,TACO
"Goiaba, vermelha, com casca, crua",1.0869565217391304,13.009710144927533,0.44,54.16993043478262,TACO
"Graviola, crua",0.8458333333333333,15.839500000000008,0.21,61.62189837666358,TACO
"Graviola, polpa, congelada",0.5666666666666667,9.782666666666657,0.1376666666666667,38.27386999999997,TACO
"Jabuticaba, crua",0.6125,15.255833333333337,0.12833333333333333,58.05315000000004,TACO
"Jaca, crua",1.4020833333333336,22.497583333333324,0.265,87.92034999999997,TACO
"Jambo, cru",0.8854166666666669,6.494250000000001,0.06666666666666667,26.91229999999998,TACO
"Jamelão, cru",0.5458333333333333,10.627166666666664,0.10966666666666665,41.00970891670385,TACO
"Kiwi, cru",1.3369565217391304,11.499710144927537,0.6266666666666666,51.136330434782636,TACO
"Laranja, baía, crua",0.9782608695652175,11.468405797101452,0.10333333333333335,45.43811739130433,TACO
"Laranja, baía, suco",0.6521739130434783,8.69782608695652,0.0,36.64948260869561,TACO
"Laranja, da terra, crua",1.0770833333333334,12.860583333333317,0.18566666666666665,51.471128639280764,TACO
"Laranja, da terra, suco",0.6666666666666667,9.573333333333336,0.14200000000000002,40.95600731086733,TACO
"Laranja, lima, crua",1.05625,11.53375,0.07533333333333332,45.701038780629624,TACO
"Laranja, lima, suco",0.7145833333333333,9.16741666666668,0.11933333333333333,39.336093944132394,TACO
"Laranja, pêra, crua",1.0434782608695652,8.946521739130437,0.12666666666666668,36.77376521739132,TACO
"Laranja, pêra, suco",0.7391304347826088,7.554202898550721,0.07333333333333333,32.70975362318838,TACO
"Laranja, valência, crua",0.7666666666666666,11.723000000000013,0.159,46.109628783385006,TACO
"Laranja, valência, suco",0.4833333333333333,8.554000000000004,0.12433333333333334,36.19635058768591,TACO
"Limão, cravo, suco",0.325,5.246666666666659,0.0,14.103733399311682,TACO
"Limão, galego, suco",0.5652173913043479,7.321449275362319,0.06666666666666667,22.22504347826089,TACO
"Limão, tahiti, cru",0.9395833333333332,11.084416666666677,0.14,31.818153430163903,TACO
"Maçã, Argentina, com casca, crua",0.225,16.587999999999997,0.246,62.531818366289116,TACO
"Maçã, Fuji, com casca, crua",0.2866666666666667,15.153333333333341,0.0,55.51520000000005,TACO
"Macaúba, crua",2.0828999999999995,13.945433333333337,40.656666666666666,404.2818766666667,TACO
"Mamão, doce em calda, drenado",0.19375,54.00358333333333,0.06733333333333334,195.62747482178608,TACO
"Mamão, Formosa, cru",0.8152173913043478,11.554782608695643,0.12,45.34074782608691,TACO
"Mamão, Papaia, cru",0.45625,10.439750000000016,0.12433333333333334,40.156768942296566,TACO
"Mamão verde, doce em calda, drenado",0.31666666666666665,57.63666666666667,0.09800000000000002,209.3762544589043,TACO
"Manga, Haden, crua",0.4083333333333334,16.662666666666667,0.256,63.50031833879153,TACO
"Manga, Palmer, crua",0.41041666666666665,19.35224999999999,0.17200000000000001,72.48673809168733,TACO
"Manga, polpa, congelada",0.38125,12.518416666666665,0.23399999999999999,48.30588,TACO
"Manga, Tommy Atkins, crua",0.8550724637681161,12.771594202898537,0.22,50.69218260869563,TACO
"Maracujá, cru",1.9891304347826089,12.264202898550717,2.103333333333333,68.43950869565214,TACO
"Maracujá, polpa, congelada",0.8125,9.597499999999993,0.17666666666666667,38.75969999999999,TACO
"Maracujá, suco concentrado, envasado",0.7666666666666666,9.635999999999992,0.19333333333333336,41.96731999999999,TACO
"Melancia, crua",0.8840579710144928,8.139275362318838,0.0,32.60662608695646,TACO
"Melão, cru",0.6775362318840581,7.525797101449274,0.0,29.369391304347808,TACO
"Mexerica, Murcote, crua",0.8833333333333334,14.861999999999998,0.134,57.592778474648775,TACO
"Mexerica, Rio, crua",0.65,9.337000000000014,0.12833333333333333,36.871350000000064,TACO
"Morango, cru",0.8949275362318839,6.818405797101459,0.31,30.147917391304354,TACO
"Nêspera, crua",0.30833333333333335,11.528666666666659,0.0,42.539198868195214,TACO
"Pequi, cru",2.3354166666666667,12.972916666666666,17.971,204.96677,TACO
"Pêra, Park, crua",0.23541666666666672,16.074916666666663,0.2303333333333333,60.58859,TACO
"Pêra, Williams, crua",0.5652173913043479,14.02478260869564,0.11,53.309047826086925,TACO
"Pêssego, Aurora, cru",0.825,9.321000000000005,0.0,36.327599024534216,TACO
"Pêssego, enlatado, em calda",0.7065217391304348,16.880144927536232,0.0,63.142434782608696,TACO
"Pinha, crua",1.4854166666666666,22.447916666666668,0.319,88.4735276668668,TACO
"Pitanga, crua",0.9291666666666665,10.24416666666666,0.169,41.41552999999997,TACO
"Pitanga, polpa, congelada",0.28541666666666665,4.7585833333333305,0.12133333333333333,19.10545950235922,TACO
"Romã, crua",0.4041666666666667,15.105833333333335,0.0,55.73900000000001,TACO
"Tamarindo, cru",3.20625,72.53175,0.455,275.69564269441366,TACO
"Tangerina, Poncã, crua",0.8478260869565218,9.60999999999999,0.07333333333333335,37.83059999999995,TACO
"Tangerina, Poncã, suco",0.5217391304347826,8.8,0.0,36.10879999999999,TACO
"Tucumã, cru",2.09375,26.47458333333333,19.076666666666668,262.01519507239266,TACO
"Umbu, cru",0.8416666666666668,9.395333333333333,0.0,37.016689999999976,TACO
"Umbu, polpa, congelada",0.5125,8.78683333333333,0.07033333333333334,33.943290000000005,TACO
"Uva, Itália, crua",0.7463768115942029,13.573333333333345,0.20333333333333334,52.873100000000065,TACO
"Uva, Rubi, crua",0.6083333333333333,12.69533333333333,0.157,49.061289999999964,TACO
"Uva, suco concentrado, envasado",0.0,14.708000000000002,0.0,57.655359999999995,TACO
"Azeite, de dendê",0.0,0.0,100.0,884.0,TACO
"Azeite, de oliva, extra virgem",0.0,0.0,100.0,884.0,TACO
"Manteiga, com sal",0.4147000074386597,0.0632999925613329,82.361,725.9689268459988,TACO
"Manteiga, sem sal",0.3955600070953369,0.0,86.03933333333333,757.5404607259967,TACO
"Margarina, com óleo hidrogenado, com sal (65% de lipídeos)",0.0,0.0,67.43433333333334,596.1195169563294,TACO
"Margarina, com óleo hidrogenado, sem sal (80% de lipídeos)",0.0,0.0,81.73366666666665,722.525625804901,TACO
"Margarina, com óleo interesterificado, com sal (65%de lipídeos)",0.0,0.0,67.24566666666665,594.4516933333332,TACO
"Margarina, com óleo interesterificado, sem sal (65% de lipídeos)",0.0,0.0,67.097,593.1374902381897,TACO
"Óleo, de babaçu",0.0,0.0,100.0,884.0,TACO
"Óleo, de canola",0.0,0.0,100.0,884.0,TACO
"Óleo, de girassol",0.0,0.0,100.0,884.0,TACO
"Óleo, de milho",0.0,0.0,100.0,884.0,TACO
"Óleo, de pequi",0.0,0.0,100.0,884.0,TACO
"Óleo, de soja",0.0,0.0,100.0,884.0,TACO
"Abadejo, filé, congelado, assado",23.525,0.0,1.2376666666666667,111.6155034511884,TACO
"Abadejo, filé, congelado,cozido",19.34583333333333,0.0,0.9420000000000001,91.10354839555423,TACO
"Abadejo, filé, congelado, cru",13.083333333333332,0.0,0.36,59.11303324858347,TACO
"Abadejo, filé, congelado, grelhado",27.610416666666666,0.0,1.3023333333333333,129.6435259028673,TACO
"Atum, conserva em óleo",26.1875,0.0,5.996666666666666,165.91056057890256,TACO
"Atum, fresco, cru",25.68,0.0,0.87,117.50099999999998,TACO
"Bacalhau, salgado, cru",29.036666666666665,0.0,1.32,135.89296666666664,TACO
"Bacalhau, salgado, refogado",23.979166666666664,1.2241666666666786,3.606666666666667,139.66070105353995,TACO
"Cação, posta, com farinha de trigo, frita",24.952083333333334,3.100583333333332,9.954333333333333,208.33274372597532,TACO
"Cação, posta, cozida",25.589583333333326,0.0,0.7479999999999999,116.01448068765795,TACO
"Cação, posta, crua",17.854166666666668,0.0,0.7866666666666666,83.33302501956622,TACO
"Camarão, Rio Grande, grande, cozido",18.966666666666665,0.0,1.0006666666666666,90.01368009630838,TACO
"Camarão, Rio Grande, grande, cru",9.991666666666667,0.0,0.501,47.18343670543035,TACO
"Camarão, Sete Barbas, sem cabeça, com casca, frito",18.3875,2.8798333333333326,15.620333333333333,231.24615385087333,TACO
"Caranguejo, cozido",18.479166666666668,0.0,0.423,82.72150150783858,TACO
"Corimba, cru",17.366666666666667,-0.026666666666666172,5.986666666666667,128.1554,TACO
"Corimbatá, assado",19.897916666666667,0.0,19.566333333333333,261.45243941056725,TACO
"Corimbatá, cozido",20.13125,0.0,16.933000000000003,238.69610486733916,TACO
"Corvina de água doce, crua",18.916666666666668,0.0,2.2433333333333336,101.00903333333332,TACO
"Corvina do mar, crua",18.57,0.0,1.5833333333333333,94.0,TACO
"Corvina grande, assada",26.766666666666666,0.0,3.5736666666666665,146.52814112536112,TACO
"Corvina grande, cozida",23.4375,0.0,2.5626666666666664,100.07812455296516,TACO
"Dourada de água doce, fresca",18.810416666666665,0.0,5.641666666666667,131.2083147237698,TACO
"Lambari, congelado, cru",16.8125,0.0,6.546666666666667,130.84031100948653,TACO
"Lambari, congelado, frito",28.425,0.0,22.782,326.86839988660813,TACO
"Lambari, fresco, cru",15.652083333333334,0.0,9.397333333333334,151.598346503218,TACO
"Manjuba, com farinha de trigo, frita",23.45,10.24033333333333,22.593,343.55045872306823,TACO
"Manjuba, frita",30.13958333333333,0.0,24.46,349.32523145536584,TACO
"Merluza, filé, assado",26.604166666666668,0.0,0.9213333333333334,121.91021833333333,TACO
"Merluza, filé, cru",16.606666666666666,0.0,2.02,89.13086666666665,TACO
"Merluza, filé, frito",26.929166666666664,0.0,8.496666666666668,191.62747837583225,TACO
"Pescada, branca, crua",16.263333333333332,0.0,4.593333333333334,110.87629999999999,TACO
"Pescada, branca, frita",27.35625,0.0,11.777000000000001,223.0397323693037,TACO
"Pescada, filé, com farinha de trigo, frito",21.435416666666665,5.033250000000005,19.115,283.4252144319614,TACO
"Pescada, filé, cru",16.65,0.0,4.003333333333334,107.20556666666666,TACO
"Pescada, filé, frito",28.5875,0.0,3.57,154.270025,TACO
"Pescada, filé, molho escabeche",11.75,5.0153333333333405,8.024,141.9583228750229,TACO
"Pescadinha, crua",15.47916666666667,0.0,1.1433333333333333,76.40890833333334,TACO
"Pintado, assado",36.45,0.0,3.9820000000000007,191.55914112758637,TACO
"Pintado, cru",18.55666666666667,0.0,1.3133333333333335,91.08323333333333,TACO
"Pintado, grelhado",30.795833333333334,0.0,2.294,152.19008833333334,TACO
"Porquinho, cru",20.49,0.0,0.6133333333333333,93.02456666666666,TACO
"Salmão, filé, com pele, fresco,  grelhado",23.91875,0.0,14.035333333333334,228.73177513531843,TACO
"Salmão, sem pele, fresco, cru",19.252083333333335,0.0,9.708999999999998,169.78157991055645,TACO
"Salmão, sem pele, fresco, grelhado",26.14166666666667,0.0,14.532333333333334,242.7065694870949,TACO
"Sardinha, assada",32.17916666666667,0.0,2.9873333333333334,164.3507883333333,TACO
"Sardinha, conserva em óleo",15.939583333333335,0.0,24.048666666666666,284.9810048712492,TACO
"Sardinha, frita",33.38333333333334,0.0,12.693333333333333,257.0407,TACO
"Sardinha, inteira, crua",21.076666666666668,0.0,2.65,113.90036666666666,TACO
"Tucunaré, filé, congelado, cru",17.958333333333336,-0.04500000000000792,1.22,87.686483549277,TACO
Apresuntado,13.45,2.862000000000004,6.690666666666666,128.85725581200919,TACO
"Caldo de carne, tablete",7.82,15.053333333333342,16.57,240.62333333333333,TACO
"Caldo de galinha, tablete",6.279166666666666,10.645499999999991,20.416333333333334,251.44566666666665,TACO
"Carne, bovina, acém, moído, cozido",26.68666666666667,0.0,10.916666666666666,212.42039999999997,TACO
"Carne, bovina, acém, moído, cru",19.42,0.0,5.946666666666666,136.56233333333333,TACO
"Carne, bovina, acém, sem gordura, cozido",27.27,0.0,10.883333333333333,214.61056666666664,TACO
"Carne, bovina, acém, sem gordura, cru",20.816666666666666,0.0,6.113333333333333,144.02943333333332,TACO
"Carne, bovina, almôndegas, cruas",12.3125,9.794166666666655,11.203333333333333,189.2566666666666,TACO
"Carne, bovina, almôndegas, fritas",18.15625,14.286749999999996,15.782333333333334,271.813,TACO
"Carne, bovina, bucho, cozido",21.64,0.0,4.503333333333334,133.02286666666666,TACO
"Carne, bovina, bucho, cru",20.53,0.0,5.503333333333333,137.30316666666667,TACO
"Carne, bovina, capa de contra-filé, com gordura, crua",19.19666666666667,0.0,14.96,216.9089666666667,TACO
"Carne, bovina, capa de contra-filé, com gordura, grelhada",30.686666666666667,0.0,20.03,311.7026666666667,TACO
"Carne, bovina, capa de contra-filé, sem gordura, crua",21.54,0.0,4.333333333333333,131.06246666666664,TACO
"Carne, bovina, capa de contra-filé, sem gordura, grelhada",35.06333333333333,-0.006666666666674814,9.95,239.44363333333328,TACO
"Carne, bovina, charque, cozido",36.364583333333336,0.0,11.918333333333335,262.7801422621807,TACO
"Carne, bovina, charque, cru",22.71458333333333,0.0,16.837,248.86101810745396,TACO
"Carne, bovina, contra-filé, à milanesa",20.6125,12.174499999999993,23.998,351.5926591989994,TACO
"Carne, bovina, contra-filé de costela, cru",19.8,0.0,13.07,202.43739999999997,TACO
"Carne, bovina, contra-filé de costela, grelhado",29.88,0.0,16.333333333333332,274.91426666666666,TACO
"Carne, bovina, contra-filé, com gordura, cru",21.15,0.0,12.81,205.8567,TACO
"Carne, bovina, contra-filé, com gordura, grelhado",32.39666666666667,0.0,15.49,278.05356666666665,TACO
"Carne, bovina, contra-filé, sem gordura, cru",23.996666666666666,0.0,6.003333333333334,156.6158333333333,TACO
"Carne, bovina, contra-filé, sem gordura, grelhado",35.88333333333333,0.0,4.486666666666667,193.69156666666663,TACO
"Carne, bovina, costela, assada",28.80666666666667,0.0,27.72,373.03886666666665,TACO
"Carne, bovina, costela, crua",16.706666666666667,0.0,31.75,357.72246666666666,TACO
"Carne, bovina, coxão duro, sem gordura, cozido",31.88,0.0,8.923333333333334,216.616066666667,TACO
"Carne, bovina, coxão duro, sem gordura, cru",21.513333333333335,0.0,6.22,147.96633333333335,TACO
"Carne, bovina, coxão mole, sem gordura, cozido",32.38333333333333,0.0,8.913333333333332,218.6751,TACO
"Carne, bovina, coxão mole, sem gordura, cru",21.23,0.0,8.693333333333333,169.06596666666667,TACO
"Carne, bovina, cupim, assado",28.63125,0.0,23.042666666666666,330.1002908333333,TACO
"Carne, bovina, cupim, cru",19.536666666666665,0.0,15.296666666666667,221.3975,TACO
"Carne, bovina, fígado, cru",20.713333333333335,1.106666666666668,5.3566666666666665,141.04586666666665,TACO
"Carne, bovina, fígado, grelhado",29.86,4.2,9.01,225.0264,TACO
"Carne, bovina, filé mingnon, sem gordura, cru",21.6,0.0,5.613333333333333,142.86426666666665,TACO
"Carne, bovina, filé mingnon, sem gordura, grelhado",32.8,0.0,8.83,219.70259999999996,TACO
"Carne, bovina, flanco, sem gordura, cozido",29.37666666666667,0.0,7.77,195.5753666666667,TACO
"Carne, bovina, flanco, sem gordura, cru",19.996666666666666,0.0,6.216666666666666,141.46009999999998,TACO
"Carne, bovina, fraldinha, com gordura, cozida",24.24,0.0,26.046666666666667,338.44573333333335,TACO
"Carne, bovina, fraldinha, com gordura, crua",17.583333333333332,0.0,16.146666666666665,220.72376666666662,TACO
"Carne, bovina, lagarto, cozido",32.86333333333334,0.0,9.106666666666667,222.46856666666667,TACO
"Carne, bovina, lagarto, cru",20.543333333333333,0.0,5.226666666666667,134.86456666666663,TACO
"Carne, bovina, língua, cozida",21.366666666666664,0.0,24.796666666666667,314.9016,TACO
"Carne, bovina, língua, crua",17.09,0.0,15.773333333333333,215.24976666666663,TACO
"Carne, bovina, maminha, crua",20.933333333333334,0.0,7.026666666666666,152.76586666666665,TACO
"Carne, bovina, maminha, grelhada",30.735416666666666,0.0,2.422333333333333,153.0896758333333,TACO
"Carne, bovina, miolo de alcatra, sem gordura, cru",21.61,0.0,7.826666666666667,162.87123333333332,TACO
"Carne, bovina, miolo de alcatra, sem gordura, grelhado",31.93,0.0,11.643333333333336,241.36396666666667,TACO
"Carne, bovina, músculo, sem gordura, cozido",31.233333333333334,0.0,6.7,193.80033333333333,TACO
"Carne, bovina, músculo, sem gordura, cru",21.56,0.0,5.49,141.581,TACO
"Carne, bovina, paleta, com gordura, crua",21.41,0.0,7.46,158.7099,TACO
"Carne, bovina, paleta, sem gordura, cozida",29.72,0.0,7.4,193.65239999999997,TACO
"Carne, bovina, paleta, sem gordura, crua",21.03,0.0,5.67,140.9415,TACO
"Carne, bovina, patinho, sem gordura, cru",21.72333333333333,0.0,4.513333333333333,133.46889999999996,TACO
"Carne, bovina, patinho, sem gordura, grelhado",35.9,0.0,7.3133333333333335,219.25926666666663,TACO
"Carne, bovina, peito, sem gordura, cozido",22.24666666666667,0.0,26.99333333333333,338.4731333333333,TACO
"Carne, bovina, peito, sem gordura, cru",17.55666666666667,0.0,20.433333333333334,259.2756333333333,TACO
"Carne, bovina, picanha, com gordura, crua",18.823333333333334,0.0,14.69,212.8794333333333,TACO
"Carne, bovina, picanha, com gordura, grelhada",26.42083333333333,0.0,19.506666666666664,288.7670916666666,TACO
"Carne, bovina, picanha, sem gordura, crua",21.25,0.0,4.743333333333333,133.52236666666667,TACO
"Carne, bovina, picanha, sem gordura, grelhada",31.906666666666666,0.0,11.333333333333334,238.4681333333333,TACO
"Carne, bovina, seca, cozida",26.93125,0.0,21.929333333333332,312.79903369144597,TACO
"Carne, bovina, seca, crua",19.65833333333333,0.0,25.36666666666667,312.7484279036522,TACO
"Coxinha de frango, frita",9.610416666666666,34.520583333333335,11.835999999999999,283.048,TACO
"Croquete, de carne, cru",12.04375,13.949583333333331,15.561,245.77192529714108,TACO
"Croquete, de carne, frito",16.8625,18.146166666666673,22.673333333333332,346.7420146474044,TACO
"Empada de frango, pré-cozida, assada",6.94375,47.49291666666666,15.605,358.1916666666667,TACO
"Empada, de frango, pré-cozida",7.34375,35.52891666666668,22.887666666666664,377.4796666666667,TACO
"Frango, asa, com pele, crua",18.1,0.0,15.066666666666668,213.18833333333333,TACO
"Frango, caipira, inteiro, com pele, cozido",23.883333333333333,0.0,15.615666666666668,242.88932666666665,TACO
"Frango, caipira, inteiro, sem pele, cozido",29.575,0.0,7.702333333333333,195.76029666666665,TACO
"Frango, coração, cru",12.583333333333336,0.0,18.6,221.50283333333334,TACO
"Frango, coração, grelhado",22.439583333333335,0.6074166666666578,12.095999999999998,207.27364333333327,TACO
"Frango, coxa, com pele, assada",28.491666666666664,0.05833333333334001,10.361333333333333,215.1186475329399,TACO
"Frango, coxa, com pele, crua",17.093333333333334,0.0,9.81,161.47473333333332,TACO
"Frango, coxa, sem pele, cozida",26.858333333333334,0.0,5.847333333333332,167.42803216441473,TACO
"Frango, coxa, sem pele, crua",17.813333333333333,0.01999999999999702,4.8566666666666665,119.94746666666661,TACO
"Frango, fígado, cru",17.58666666666667,-0.02333333333333809,3.49,106.48456666666667,TACO
"Frango, filé, à milanesa",28.46041666666667,7.512916666666662,7.790666666666667,220.87277999999998,TACO
"Frango, inteiro, com pele, cru",16.44333333333333,0.0,17.30666666666667,226.31916666666666,TACO
"Frango, inteiro, sem pele, assado",28.025,0.0,7.5023333333333335,187.3377966666667,TACO
"Frango, inteiro, sem pele, cozido",24.985416666666662,0.0,7.062333333333334,170.38997583333332,TACO
"Frango, inteiro, sem pele, cru",20.58666666666667,0.0,4.566666666666666,129.09640000000002,TACO
"Frango, peito, com pele, assado",33.416666666666664,0.0,7.649,211.68314953072866,TACO
"Frango, peito, com pele, cru",20.78,0.0,6.733333333333333,149.46526666666665,TACO
"Frango, peito, sem pele, cozido",31.46875,0.0,3.16,162.87476334631444,TACO
"Frango, peito, sem pele, cru",21.526666666666667,0.0,3.02,119.15926666666665,TACO
"Frango, peito, sem pele, grelhado",32.03333333333334,0.0,2.4836666666666667,159.18500719261172,TACO
"Frango, sobrecoxa, com pele, assada",28.702083333333334,0.0,15.193666666666667,259.60476916666664,TACO
"Frango, sobrecoxa, com pele, crua",15.46,0.0,20.9,254.5322,TACO
"Frango, sobrecoxa, sem pele, assada",29.175,0.0,12.007333333333333,232.88339666666667,TACO
"Frango, sobrecoxa, sem pele, crua",17.57,0.0,9.62,161.79629999999997,TACO
"Hambúrguer, bovino, cru",13.15625,4.15375,16.177333333333333,214.836,TACO
"Hambúrguer, bovino, frito",19.972916666666666,6.320083333333328,17.012333333333334,258.283,TACO
"Hambúrguer, bovino, grelhado",13.15625,11.333416666666674,12.430333333333332,209.8316666666667,TACO
"Lingüiça, frango, crua",14.239583333333334,0.0,17.439666666666668,218.10881416666666,TACO
"Lingüiça, frango, frita",18.316666666666666,0.0,18.541999999999998,245.46100666666663,TACO
"Lingüiça, frango, grelhada",18.189583333333335,0.0,18.402333333333335,243.6585675,TACO
"Lingüiça, porco, crua",16.06458333333333,0.0,17.584,227.2034508333333,TACO
"Lingüiça, porco, frita",20.452083333333334,0.0,21.30966666666667,279.54358916666666,TACO
"Lingüiça, porco, grelhada",23.16875,0.0,21.90233333333333,296.4896091666666,TACO
Mortadela,11.952083333333334,5.81591666666666,21.649333333333335,268.8199890167316,TACO
"Peru, congelado, assado",26.20208333333333,0.0,5.675,163.07139793137708,TACO
"Peru, congelado, cru",18.083333333333332,0.0,1.83,93.72243382612864,TACO
"Porco, bisteca, crua",21.5,0.0,8.016666666666666,164.11533659299215,TACO
"Porco, bisteca, frita",33.74791666666667,0.0,18.521666666666665,311.1690453348557,TACO
"Porco, bisteca, grelhada",28.88958333333333,0.0,17.375333333333334,280.0840349027713,TACO
"Porco, costela, assada",30.22291666666667,0.0,30.279,402.16844745083654,TACO
"Porco, costela, crua",18.0,0.0,19.816666666666666,255.60634206136066,TACO
"Porco, lombo, assado",35.725,0.0,6.395666666666667,210.2346655796369,TACO
"Porco, lombo, cru",22.604166666666668,0.0,8.77,175.6251952501138,TACO
"Porco, orelha, salgada, crua",18.520833333333332,0.0,19.89,258.49175833333334,TACO
"Porco, pernil, assado",32.13333333333333,0.0,13.863666666666667,262.2596066666666,TACO
"Porco, pernil, cru",20.125,0.0,11.1,186.05575,TACO
"Porco, rabo, salgado, cru",15.58125,0.0,34.466,377.41525749999994,TACO
"Presunto, com capa de gordura",14.370833333333334,1.3975,6.771333333333334,127.84921266563737,TACO
"Presunto, sem capa de gordura",14.291666666666666,2.1456666666666697,2.7066666666666666,93.7432807208697,TACO
"Quibe, assado",14.59375,12.86125,2.6763333333333335,136.22887614158785,TACO
"Quibe, cru",12.354166666666666,10.774166666666666,1.6676666666666666,109.49066929475465,TACO
"Quibe, frito",14.889583333333334,12.337416666666657,15.799,253.83130886964,TACO
Salame,25.810416666666665,2.9062500000000098,30.641333333333336,397.8425065349341,TACO
"Toucinho, cru",11.479166666666666,0.0,60.25666666666666,592.5311749999998,TACO
"Toucinho, frito",27.28333333333333,0.0,64.30866666666667,696.5640066666666,TACO
"Bebida láctea, pêssego",2.1333333333333333,7.5700000000000065,1.9066666666666665,55.164833333333306,TACO
Creme de Leite,1.5078066937128702,4.509526639620461,22.479333333333333,221.48354127513312,TACO
"Iogurte, natural",4.0633333333333335,1.9166666666666603,3.04,51.48953333333329,TACO
"Iogurte, natural, desnatado",3.8343800687789917,5.773953333333329,0.3156666666666667,41.49271128155834,TACO
"Iogurte, sabor abacaxi",0.0,0.0,0.0,0.0,TACO
"Iogurte, sabor morango",2.71,9.693333333333342,2.33,69.56560000000003,TACO
"Iogurte, sabor pêssego",2.53,9.433333333333344,2.3366666666666664,67.84940000000002,TACO
"Leite, condensado",7.67,56.99666666666666,6.74,312.57259999999997,TACO
"Leite, de cabra",3.0709067217508954,5.246093333333333,3.7543333333333333,66.41574188654329,TACO
"Leite, de vaca, achocolatado",2.099020037651062,14.158313333333325,2.169,82.82099627199361,TACO
"Leite, de vaca, desnatado, pó",34.69,53.04333333333334,0.9333333333333332,361.60799999999995,TACO
"Leite, de vaca, desnatado, UHT",0.0,0.0,0.0,0.0,TACO
"Leite, de vaca, integral",0.0,0.0,0.0,0.0,TACO
"Leite, de vaca, integral, pó",25.42,39.18,26.903333333333336,496.6502999999999,TACO
"Leite, fermentado",1.89486,15.67447333333333,0.09900000000000002,69.62147400000002,TACO
"Queijo, minas, frescal",17.411020000000004,3.240313333333333,20.180666666666667,264.27312799999993,TACO
"Queijo, minas, meia cura",21.21137371381124,3.5729596195220865,24.61,320.72181773325985,TACO
"Queijo, mozarela",22.64900040626526,3.0493329270680736,25.183000000000003,329.8707184208871,TACO
"Queijo, parmesão",35.55361333333333,1.6607199999999995,33.529333333333334,452.9637553333333,TACO
"Queijo, pasteurizado",9.357333333333333,5.67633333333333,27.435333333333332,303.07980333333325,TACO
"Queijo, petit suisse, morango",5.78666,18.46200666666666,2.8383333333333334,121.105954,TACO
"Queijo, prato",22.661760406494142,1.8785729268391926,29.106333333333335,359.88046240505474,TACO
"Queijo, requeijão, cremoso",9.629546666666666,2.4324533333333336,23.441000000000003,256.57814866666666,TACO
"Queijo, ricota",12.6005,3.7861666666666673,8.108666666666666,139.73177999999996,TACO
"Bebida isotônica, sabores variados",0.0,6.4033333333333395,0.0,25.613333333333344,TACO
"Café, infusão 10%",0.7125,1.478666666666667,0.06933333333333334,9.070868599613517,TACO
"Cana, aguardente 1",0.0,0.0,0.0,215.6616,TACO
"Cana, caldo de",0.0,18.151000000000003,0.0,65.34359826898573,TACO
"Cerveja, pilsen 2",0.5625,3.3175,0.0,40.72018855062866,TACO
"Chá, erva-doce, infusão 5%",0.0,0.3913333333333213,0.0,1.3970599738756386,TACO
"Chá, mate, infusão 5%",0.0,0.6429999999999931,0.052,2.730749951124143,TACO
"Chá, preto, infusão 5%",0.0,0.6296666666666653,0.0,2.24790995796521,TACO
"Coco, água de",0.0,5.284666666666672,0.0,21.50859424050649,TACO
"Refrigerante, tipo água tônica",0.0,7.953333333333339,0.0,30.7794,TACO
"Refrigerante, tipo cola",0.0,8.66000000000001,0.0,33.514200000000045,TACO
"Refrigerante, tipo guaraná",0.0,10.0,0.0,38.7,TACO
"Refrigerante, tipo laranja",0.0,11.79,0.0,45.62730000000003,TACO
"Refrigerante, tipo limão",0.0,10.263333333333335,0.0,39.71910000000001,TACO
"Omelete, de queijo",15.570833333333333,0.43716666666666804,22.007666666666665,268.00677218242487,TACO
"Ovo, de codorna, inteiro, cru",13.6875,0.7724999999999986,12.68,176.89389999999997,TACO
"Ovo, de galinha, clara, cozida/10minutos",13.447916666666668,0.0,0.08900000000000001,59.43569666666667,TACO
"Ovo, de galinha, gema, cozida/10minutos",15.9,1.5600000000000065,30.777,352.67334000000005,TACO
"Ovo, de galinha, inteiro, cozido/10minutos",13.29375,0.6149166666666736,9.476333333333333,145.70017,TACO
"Ovo, de galinha, inteiro, cru",13.03,1.6366666666666725,8.9,143.11173333333335,TACO
"Ovo, de galinha, inteiro, frito",15.616666666666667,1.1936666666666627,18.592666666666666,240.1872240091165,TACO
"Achocolatado, pó",4.203333333333333,91.17666666666666,2.1666666666666665,401.02,TACO
"Açúcar, cristal",0.32,99.61,0.0,386.84572399999996,TACO
"Açúcar, mascavo",0.7583333333333333,94.45,0.09200000000000001,368.55482252438867,TACO
"Açúcar, refinado",0.32,99.54,0.0,386.5748239999999,TACO
"Chocolate, ao leite",7.22,59.576666666666675,30.26666666666667,539.5866666666667,TACO
"Chocolate, ao leite, com castanha do Pará",7.4125,55.37683333333334,34.191,558.8763333333334,TACO
"Chocolate, ao leite, dietético",6.897916666666666,56.32341666666667,33.771,556.8243333333334,TACO
"Chocolate, meio amargo",4.862443432172139,62.42288990116119,29.856666666666666,474.91776997327383,TACO
Cocada branca,1.1218333737055461,81.38316662629445,13.586999999999998,448.84545242331023,TACO
"Doce, de abóbora, cremoso",0.9166666666666666,54.61333333333334,0.20666666666666667,198.9360630496343,TACO
"Doce, de leite, cremoso",5.478293431599935,59.49337323506673,5.992999999999999,306.31013023105874,TACO
"Geléia, mocotó, natural",2.125,24.231666666666662,0.07333333333333332,106.08666666666662,TACO
Glicose de milho,0.0,79.38,0.0,292.1184052991867,TACO
Maria mole,3.8128501310348506,73.55348320229848,0.19,301.2358875369997,TACO
"Maria mole, coco queimado",3.9349501352310177,75.05938319810231,0.08933333333333333,306.6318969970185,TACO
Marmelada,0.4,70.76333333333334,0.13733333333333334,257.24147319380444,TACO
"Mel, de abelha",0.0,84.03333333333333,0.0,309.24266666666665,TACO
Melado,0.0,76.61666666666666,0.0,296.5064912319183,TACO
Quindim,4.7375,46.298833333333334,24.425,411.3487215708494,TACO
Rapadura,0.9895833333333333,90.79241666666667,0.07066666666666667,351.9581221015453,TACO
"Café, pó, torrado",14.7,65.75333333333332,11.946666666666667,418.6186666666666,TACO
"Capuccino, pó",11.3125,73.61416666666665,8.633333333333333,417.4066666666667,TACO
"Fermento em pó, químico",0.4753333187103272,43.91133334795634,0.07333333333333333,89.72206665112176,TACO
"Fermento, biológico, levedura, tablete",16.956999478340148,7.698667188326523,1.5176666666666667,89.79486703058885,TACO
"Gelatina, sabores variados, pó",8.886666666666667,89.22333333333333,0.0,380.22290000000004,TACO
"Sal, dietético",0.0,0.0,0.0,0.0,TACO
"Sal, grosso",0.0,0.0,0.0,0.0,TACO
Shoyu,3.3125,11.6475,0.32666666666666666,60.92774987538659,TACO
Tempero a base de sal,2.666666666666667,2.0733333333333377,0.26333333333333336,21.33,TACO
"Azeitona, preta, conserva",1.1625,5.544500000000004,20.345,194.1538470209837,TACO
"Azeitona, verde, conserva",0.9479166666666665,4.101750000000001,14.215666666666666,136.93643000000003,TACO
"Chantilly, spray, com gordura vegetal",0.525,16.85500006666667,27.270666666666667,314.9560002666667,TACO
"Leite, de coco",1.0140667031606039,2.1945999635060494,18.364333333333335,166.16030161554647,TACO
"Maionese, tradicional com ovos",0.58125,7.899749999999999,30.497666666666664,302.1526776878237,TACO
Acarajé,8.345833333333335,19.113833333333332,19.930333333333333,289.21166666666664,TACO
Arroz carreteiro,10.829166666666667,11.584833333333329,7.124,153.772,TACO
"Baião de dois, arroz e feijão-de-corda",6.239583333333332,20.41775,3.2279999999999998,135.68133333333333,TACO
Barreado,18.26875,0.23625,9.534,164.9752340474129,TACO
"Bife à cavalo, com contra filé",23.660416666666663,0.0,21.146666666666665,291.2295092449586,TACO
Bolinho de arroz,8.039583333333333,41.682750000000006,8.291666666666666,273.51433333333335,TACO
Camarão à baiana,7.941666666666666,3.1736666666666653,5.967666666666667,100.78304300403595,TACO
"Charuto, de repolho",6.779166666666665,10.133166666666673,1.1166666666666667,78.23472922221822,TACO
"Cuscuz, de milho, cozido com sal",2.15625,25.281416666666665,0.6796666666666665,113.45948166666666,TACO
"Cuscuz, paulista",2.558333333333333,22.513666666666666,4.648333333333333,142.123,TACO
"Cuxá, molho",5.64375,5.7389166666666656,3.5926666666666667,80.09161563650767,TACO
Dobradinha,19.772916666666664,0.0,4.442333333333333,124.50020083333331,TACO
Estrogonofe de carne,15.03125,2.975416666666672,10.802999999999999,173.1413643180132,TACO
Estrogonofe de frango,17.552083333333336,2.593916666666657,7.9623333333333335,156.80610301323728,TACO
Feijão tropeiro mineiro,10.170833333333333,19.58183333333333,6.790666666666667,151.56185683095453,TACO
Feijoada,8.670833333333333,11.641833333333333,6.477333333333334,116.9334573110342,TACO
"Frango, com açafrão",9.697916666666666,4.062083333333325,6.17,112.78376884122686,TACO
"Macarrão, molho bolognesa",4.934299834887187,22.522366831779475,0.8896666666666667,119.53177144556008,TACO
Maniçoba,9.958333333333332,3.419333333333327,8.699333333333334,134.22289340098695,TACO
Quibebe,8.55625,6.644083333333324,2.672,86.349230299592,TACO
"Salada, de legumes, com maionese",1.05,8.923999999999994,7.039000000000001,96.10358839845655,TACO
"Salada, de legumes, cozida no vapor",2.00625,7.089083333333335,0.3116666666666667,35.40810429847241,TACO
"Salpicão, de frango",13.925,4.568999999999992,7.8406666666666665,147.8645961340268,TACO
Sarapatel,18.47291666666667,1.09408333333334,4.42,122.98185821243132,TACO
Tabule,2.046329973220825,10.581003360112511,1.208,57.45347668848058,TACO
Tacacá,6.958333333333335,3.39,0.35966666666666663,46.88917715120316,TACO
"Tapioca, com manteiga",0.08958333333333332,63.59175,10.908333333333333,347.8265562578241,TACO
"Tucupi, com pimenta-de-cheiro",2.05625,4.737749999999988,0.2836666666666667,27.1837984027266,TACO
Vaca atolada,5.122916666666667,10.061416666666673,9.322000000000001,144.89697968479,TACO
Vatapá,5.99783354918162,9.748499784151715,23.226333333333333,254.89328572415508,TACO
Virado à paulista,10.18125,14.10908333333333,25.590666666666664,306.94678645131984,TACO
Yakisoba,7.5166666666666675,18.251333333333335,2.6069999999999998,112.80204125340781,TACO
"Amendoim, grão, cru",27.190800189971927,20.313533333333336,43.85,544.0526557994334,TACO
"Amendoim, torrado, salgado",22.475180157025655,18.702486509641012,53.96333333333334,605.7810929170192,TACO
"Ervilha, em vagem",7.4520833333333325,14.227583333333328,0.47100000000000003,88.09358199977854,TACO
"Ervilha, enlatada, drenada",4.597826086956522,13.44217391304348,0.38,73.8447043478261,TACO
"Feijão, carioca, cozido",4.775,13.591033333333334,0.5423333333333334,76.42408566666668,TACO
"Feijão, carioca, cru",19.981884057971016,61.22144927536232,1.2566666666666666,329.0267362318841,TACO
"Feijão, fradinho, cozido",5.09375,13.499583333333337,0.644,78.00889666666667,TACO
"Feijão, fradinho, cru",20.208333333333336,61.24,2.365,339.16476666666665,TACO
"Feijão, jalo, cozido",6.14375,16.495250000000002,0.512,92.73992,TACO
"Feijão, jalo, cru",20.104166666666668,61.47916666666666,0.9466666666666667,327.90526666666665,TACO
"Feijão, preto, cozido",4.479166666666667,14.00516666666666,0.5356666666666666,77.02726666666668,TACO
"Feijão, preto, cru",21.344202898550723,58.75246376811595,1.24,323.5657115942029,TACO
"Feijão, rajado, cozido",5.5375,15.2675,0.4,84.7018527334929,TACO
"Feijão, rajado, cru",17.270833333333332,62.92916666666667,1.17,325.84441116273405,TACO
"Feijão, rosinha, cozido",4.539583333333333,11.822749999999997,0.47733333333333333,67.86622877142827,TACO
"Feijão, rosinha, cru",20.916666666666668,62.22333333333333,1.33,336.9619111275673,TACO
"Feijão, roxo, cozido",5.720833333333334,12.90816666666666,0.5383333333333334,76.89338231790063,TACO
"Feijão, roxo, cru",22.166666666666668,59.98666666666666,1.2366666666666666,331.4149774567286,TACO
"Grão-de-bico, cru",21.229166666666664,57.88416666666667,5.43,354.70287658909956,TACO
"Guandu, cru",18.964583333333334,64.00041666666667,2.132,344.1336512849927,TACO
"Lentilha, cozida",6.310416666666667,16.30224999999999,0.5246666666666667,92.63876625229915,TACO
"Lentilha, crua",23.152173913043477,62.00449275362318,0.77,339.1412402035533,TACO
"Paçoca, amendoim",15.995833333333334,52.37616666666666,26.075333333333333,486.9270864645243,TACO
"Pé-de-moleque, amendoim",13.162240091959635,54.73042657470704,28.048333333333336,503.1903658399557,TACO
"Soja, farinha",36.0301002407074,38.43989975929261,14.633333333333333,403.955845810399,TACO
"Soja, extrato solúvel, natural, fluido",2.3810700159072873,4.275263333333342,1.606,39.10485527535076,TACO
"Soja, extrato solúvel, pó",35.68750023841858,28.482833333333335,26.180999999999997,458.8957294378677,TACO
"Soja, queijo (tofu)",6.553176710446675,2.126823333333333,3.953333333333333,64.48509407389021,TACO
"Tremoço, cru",33.575,43.786333333333324,10.341999999999999,381.27817396012944,TACO
"Tremoço, em conserva",11.108333333333333,12.38933333333334,3.7840000000000003,120.64258534487091,TACO
"Amêndoa, torrada, salgada",18.554759385108948,29.547240000000002,47.324333333333335,580.7469545560705,TACO
"Castanha-de-caju, torrada, salgada",18.50936733277639,29.13496600055695,46.279666666666664,570.167626501619,TACO
"Castanha-do-Brasil, crua",14.536340101559956,15.078659898440039,63.459,642.9630716810693,TACO
"Coco, cru",3.69183412310697,10.401665876893027,41.976333333333336,406.4873531078099,TACO
"Coco,  verde, cru",0.0,0.0,0.0,0.0,TACO
"Farinha, de mesocarpo de babaçu, crua",1.4062667172749839,79.17306661605835,0.19800000000000004,328.7714002448336,TACO
"Gergelim, semente",21.164667428334557,21.617665904998766,50.43266666666667,583.5467147545495,TACO
"Linhaça, semente",14.083867173512777,43.31219949315389,32.25293333333334,495.09611384365076,TACO
"Pinhão, cozido",2.980366666666666,43.917633333333335,0.747,174.36990200000002,TACO
"Pupunha, cozida",2.5229166666666667,29.569416666666662,12.761666666666668,218.53388087660073,TACO
"Noz, crua",13.9708005027771,18.36386616388957,59.35966666666667,620.0600197905668,TACO
